order_id,customer_id,distance_km,estimated_travel_time,vehicle_age_norm,distance_efficiency,delay_hours,predicted_delay,delay_probability
2001,C050,12.5,35,0.25,0.35714285714285715,0,1,0.56
2002,C051,6.8,20,0.5,0.33999999999999997,0,1,0.57
2003,C052,18.2,50,0.33,0.364,0,1,0.56
2004,C053,3.4,10,0.16,0.33999999999999997,0,1,0.56
2005,C054,15.1,40,0.41,0.3775,0,1,0.57
